{
    "0": {
        "0.05": {
            "mAP": 0.5378387509291601,
            "mAP_50": 0.7130227684699109,
            "mAP_75": 0.5894227293724308,
            "AR_max_100": 0.7280027707528214
        },
        "0.1": {
            "mAP": 0.5363049311016989,
            "mAP_50": 0.7110130387213963,
            "mAP_75": 0.5876473556507016,
            "AR_max_100": 0.6998440996691211
        },
        "0.15000000000000002": {
            "mAP": 0.5332529380176377,
            "mAP_50": 0.7069209146792104,
            "mAP_75": 0.584269885760658,
            "AR_max_100": 0.6733698759247451
        },
        "0.2": {
            "mAP": 0.5291681395051276,
            "mAP_50": 0.7003652201369419,
            "mAP_75": 0.5800529436369455,
            "AR_max_100": 0.6500552388115708
        },
        "0.25": {
            "mAP": 0.5239181205307363,
            "mAP_50": 0.6923355409522826,
            "mAP_75": 0.5744010088757691,
            "AR_max_100": 0.6301178591663709
        },
        "0.30000000000000004": {
            "mAP": 0.5181362237118465,
            "mAP_50": 0.6828222261184638,
            "mAP_75": 0.568537489978792,
            "AR_max_100": 0.6133945982535297
        },
        "0.35000000000000003": {
            "mAP": 0.5102050411217486,
            "mAP_50": 0.6704662099111036,
            "mAP_75": 0.5597384914145451,
            "AR_max_100": 0.5932569531550995
        },
        "0.4": {
            "mAP": 0.5015617788959209,
            "mAP_50": 0.6559695179899339,
            "mAP_75": 0.5508814266639142,
            "AR_max_100": 0.5749584585492394
        },
        "0.45": {
            "mAP": 0.49074488306482694,
            "mAP_50": 0.639554184368253,
            "mAP_75": 0.5389437146725419,
            "AR_max_100": 0.5545416927051651
        },
        "0.5": {
            "mAP": 0.48010179617822024,
            "mAP_50": 0.6233811718460072,
            "mAP_75": 0.5277985816764428,
            "AR_max_100": 0.5354875488933798
        },
        "0.55": {
            "mAP": 0.46858952997031156,
            "mAP_50": 0.6038871238291647,
            "mAP_75": 0.5154795496511929,
            "AR_max_100": 0.5174755103000894
        },
        "0.6000000000000001": {
            "mAP": 0.4563523418785957,
            "mAP_50": 0.5841073512748338,
            "mAP_75": 0.5030513566646384,
            "AR_max_100": 0.49834444234285474
        },
        "0.65": {
            "mAP": 0.441981322008651,
            "mAP_50": 0.5600501295006696,
            "mAP_75": 0.48837525422039874,
            "AR_max_100": 0.4788968382820196
        },
        "0.7000000000000001": {
            "mAP": 0.42363384431042017,
            "mAP_50": 0.5345190292006402,
            "mAP_75": 0.46734958927838,
            "AR_max_100": 0.45554776782443107
        },
        "0.75": {
            "mAP": 0.4051380056167842,
            "mAP_50": 0.5026337718981277,
            "mAP_75": 0.44813972695590176,
            "AR_max_100": 0.4321688752688476
        },
        "0.8": {
            "mAP": 0.38000747728279055,
            "mAP_50": 0.4635401513488495,
            "mAP_75": 0.42055268085880015,
            "AR_max_100": 0.40250270112784947
        },
        "0.8500000000000001": {
            "mAP": 0.3364329776897433,
            "mAP_50": 0.4002683658049972,
            "mAP_75": 0.3712288002708276,
            "AR_max_100": 0.35321690506759523
        },
        "0.9": {
            "mAP": 0.2696652266081645,
            "mAP_50": 0.308569857142673,
            "mAP_75": 0.29346296577141556,
            "AR_max_100": 0.2786333235817997
        },
        "0.9500000000000001": {
            "mAP": 0.1101119338997406,
            "mAP_50": 0.11809003812196976,
            "mAP_75": 0.11485219427903452,
            "AR_max_100": 0.10984532468937057
        }
    },
    "1": {
        "0.05": {
            "mAP": 0.557512650299879,
            "mAP_50": 0.7332228944055974,
            "mAP_75": 0.6108882996557773,
            "AR_max_100": 0.7499965004613004
        },
        "0.1": {
            "mAP": 0.5560648737082552,
            "mAP_50": 0.7315279905053557,
            "mAP_75": 0.6091450063766825,
            "AR_max_100": 0.7221557186208967
        },
        "0.15000000000000002": {
            "mAP": 0.5539467947387154,
            "mAP_50": 0.7286589756352294,
            "mAP_75": 0.6066352467786387,
            "AR_max_100": 0.7020959107334903
        },
        "0.2": {
            "mAP": 0.5503070069866487,
            "mAP_50": 0.7228984504407682,
            "mAP_75": 0.6025445853363551,
            "AR_max_100": 0.6801437369296452
        },
        "0.25": {
            "mAP": 0.5447976218362492,
            "mAP_50": 0.7147955842019725,
            "mAP_75": 0.596792621952987,
            "AR_max_100": 0.6575460600025042
        },
        "0.30000000000000004": {
            "mAP": 0.5383428204719594,
            "mAP_50": 0.7037712395283653,
            "mAP_75": 0.5905758893841027,
            "AR_max_100": 0.6379975800261147
        },
        "0.35000000000000003": {
            "mAP": 0.5310768964497005,
            "mAP_50": 0.6928194218655951,
            "mAP_75": 0.5827032186078981,
            "AR_max_100": 0.6182276495369298
        },
        "0.4": {
            "mAP": 0.5209542512469677,
            "mAP_50": 0.6764901852045423,
            "mAP_75": 0.5716538651192744,
            "AR_max_100": 0.5961123835848027
        },
        "0.45": {
            "mAP": 0.5085473412491789,
            "mAP_50": 0.6573208243959401,
            "mAP_75": 0.5584015581045412,
            "AR_max_100": 0.5719693777552092
        },
        "0.5": {
            "mAP": 0.4953292274613406,
            "mAP_50": 0.6353980471910269,
            "mAP_75": 0.5445265835959913,
            "AR_max_100": 0.5489429184510459
        },
        "0.55": {
            "mAP": 0.48018855416600525,
            "mAP_50": 0.6134378386509329,
            "mAP_75": 0.5271756391462596,
            "AR_max_100": 0.5254650473826566
        },
        "0.6000000000000001": {
            "mAP": 0.4677905877466916,
            "mAP_50": 0.5941770497163346,
            "mAP_75": 0.5137632838044073,
            "AR_max_100": 0.5072628501415175
        },
        "0.65": {
            "mAP": 0.452625376300895,
            "mAP_50": 0.5696792946893732,
            "mAP_75": 0.496881883801335,
            "AR_max_100": 0.486569323070743
        },
        "0.7000000000000001": {
            "mAP": 0.438261793377715,
            "mAP_50": 0.5465280093710705,
            "mAP_75": 0.48236786041904606,
            "AR_max_100": 0.46790779197397403
        },
        "0.75": {
            "mAP": 0.41802031504080306,
            "mAP_50": 0.5157266319432543,
            "mAP_75": 0.4620343212244123,
            "AR_max_100": 0.4424997175410062
        },
        "0.8": {
            "mAP": 0.3822413882919491,
            "mAP_50": 0.46141527116845044,
            "mAP_75": 0.4242058899271877,
            "AR_max_100": 0.40219664030271646
        },
        "0.8500000000000001": {
            "mAP": 0.3350985769833591,
            "mAP_50": 0.3942061079702051,
            "mAP_75": 0.37044646832571815,
            "AR_max_100": 0.34898373201814825
        },
        "0.9": {
            "mAP": 0.2651567041786276,
            "mAP_50": 0.30033740717139995,
            "mAP_75": 0.28801505650485465,
            "AR_max_100": 0.2735928677467747
        },
        "0.9500000000000001": {
            "mAP": 0.10920180421494614,
            "mAP_50": 0.11631294076592295,
            "mAP_75": 0.11443590971991502,
            "AR_max_100": 0.10908022054056826
        }
    },
    "2": {
        "0.05": {
            "mAP": 0.542609763418413,
            "mAP_50": 0.7219375134065301,
            "mAP_75": 0.5883627838727244,
            "AR_max_100": 0.7408718223143359
        },
        "0.1": {
            "mAP": 0.541691342765895,